{
    "smiling": {
        "score_er": 44.36930847167969,
        "score_eo": 73.71487426757812,
        "score_ro": 80.81644439697266,
        "score_oo": -4.834236824535765e-05
    },
    "sad": {
        "score_er": 43.68777847290039,
        "score_eo": 70.6420669555664,
        "score_ro": 80.81644439697266,
        "score_oo": -4.846267620450817e-05
    },
    "tanned": {
        "score_er": 49.719581604003906,
        "score_eo": 73.69820404052734,
        "score_ro": 80.81644439697266,
        "score_oo": -4.8582405725028366e-05
    },
    "pixar": {
        "score_er": 60.9677734375,
        "score_eo": 89.27410125732422,
        "score_ro": 80.81509399414062,
        "score_oo": -4.838581298827194e-05
    },
    "neanderthal": {
        "score_er": 71.73104095458984,
        "score_eo": 74.7766342163086,
        "score_ro": 80.81613159179688,
        "score_oo": -4.8461683036293834e-05
    }
}