{
    "smiling": {
        "score_er": 88.33097076416016,
        "score_eo": 138.3574676513672,
        "score_ro": 128.8064422607422,
        "score_oo": -0.00010958722850773484
    },
    "sad": {
        "score_er": 84.08195495605469,
        "score_eo": 123.31759643554688,
        "score_ro": 128.8064422607422,
        "score_oo": -0.00010958722850773484
    },
    "tanned": {
        "score_er": 121.09345245361328,
        "score_eo": 157.33436584472656,
        "score_ro": 128.8064422607422,
        "score_oo": -0.00010958722850773484
    },
    "pixar": {
        "score_er": 142.00836181640625,
        "score_eo": 185.24664306640625,
        "score_ro": 128.80604553222656,
        "score_oo": -0.00010958722850773484
    },
    "neanderthal": {
        "score_er": 186.75767517089844,
        "score_eo": 177.6351776123047,
        "score_ro": 128.80471801757812,
        "score_oo": -0.00010958722850773484
    }
}