{
    "smiling": {
        "score_er": 54.2728271484375,
        "score_eo": 81.26234436035156,
        "score_ro": 81.67630767822266,
        "score_oo": -4.895911843050271e-05
    },
    "sad": {
        "score_er": 55.101112365722656,
        "score_eo": 76.1953353881836,
        "score_ro": 81.67630767822266,
        "score_oo": -4.895911843050271e-05
    },
    "tanned": {
        "score_er": 66.43494415283203,
        "score_eo": 75.908203125,
        "score_ro": 81.67630767822266,
        "score_oo": -4.895911843050271e-05
    },
    "pixar": {
        "score_er": 76.59696197509766,
        "score_eo": 103.4810791015625,
        "score_ro": 81.67503356933594,
        "score_oo": -4.895911843050271e-05
    },
    "neanderthal": {
        "score_er": 110.95653533935547,
        "score_eo": 94.12779998779297,
        "score_ro": 81.67516326904297,
        "score_oo": -4.895911843050271e-05
    }
}