{
    "smiling": {
        "sdir_or": 0.0,
        "sdir_or_var": 0.0,
        "sdir_oe": 0.04519251342862844,
        "sdir_oe_var": 0.047639294316516825,
        "sdir_re": 0.05317902713082731,
        "sdir_re_var": 0.051598494346733935
    },
    "sad": {
        "sdir_or": 0.0,
        "sdir_or_var": 0.0,
        "sdir_oe": 0.0066303959349170325,
        "sdir_oe_var": 0.037036222565854406,
        "sdir_re": 0.031641570697538556,
        "sdir_re_var": 0.040621194537311105
    },
    "tanned": {
        "sdir_or": 0.0,
        "sdir_or_var": 0.0,
        "sdir_oe": 0.06699422945268452,
        "sdir_oe_var": 0.04043070701453618,
        "sdir_re": 0.0887881335336715,
        "sdir_re_var": 0.04582199994507644
    },
    "pixar": {
        "sdir_or": 0.0,
        "sdir_or_var": 0.0,
        "sdir_oe": 0.06860083433799445,
        "sdir_oe_var": 0.031556553100399044,
        "sdir_re": 0.02861595233436674,
        "sdir_re_var": 0.035536641383012935
    },
    "neanderthal": {
        "sdir_or": 0.0,
        "sdir_or_var": 0.0,
        "sdir_oe": 0.08733409717679023,
        "sdir_oe_var": 0.03458254455491678,
        "sdir_re": 0.11057500217109918,
        "sdir_re_var": 0.037821621183287545
    }
}