{
    "smiling": {
        "score_er": 68.76435852050781,
        "score_eo": 89.20494079589844,
        "score_ro": 96.31261444091797,
        "score_oo": -6.883832975290716e-05
    },
    "sad": {
        "score_er": 60.524375915527344,
        "score_eo": 92.92120361328125,
        "score_ro": 96.31261444091797,
        "score_oo": -6.846352334832773e-05
    },
    "tanned": {
        "score_er": 81.7231216430664,
        "score_eo": 100.45374298095703,
        "score_ro": 96.31261444091797,
        "score_oo": -6.837765977252275e-05
    },
    "pixar": {
        "score_er": 96.90198516845703,
        "score_eo": 125.81681060791016,
        "score_ro": 96.3113784790039,
        "score_oo": -6.845861207693815e-05
    },
    "neanderthal": {
        "score_er": 137.3167266845703,
        "score_eo": 125.79924774169922,
        "score_ro": 96.3131332397461,
        "score_oo": -6.855494575574994e-05
    }
}