{
    "smiling": {
        "sdir_or": 0.0,
        "sdir_or_var": 0.0,
        "sdir_oe": 0.030551626821979882,
        "sdir_oe_var": 0.04724367289033451,
        "sdir_re": 0.0376660753460601,
        "sdir_re_var": 0.051831959197584314
    },
    "sad": {
        "sdir_or": 0.0,
        "sdir_or_var": 0.0,
        "sdir_oe": 0.0008414450800046325,
        "sdir_oe_var": 0.03465573522569628,
        "sdir_re": 0.030743480371311308,
        "sdir_re_var": 0.04041553089333652
    },
    "tanned": {
        "sdir_or": 0.0,
        "sdir_or_var": 0.0,
        "sdir_oe": 0.027305293148383498,
        "sdir_oe_var": 0.036199228212953544,
        "sdir_re": 0.05347206984180957,
        "sdir_re_var": 0.04030617330262563
    },
    "pixar": {
        "sdir_or": 0.0,
        "sdir_or_var": 0.0,
        "sdir_oe": 0.05848769464064389,
        "sdir_oe_var": 0.031120349353784008,
        "sdir_re": 0.01100115525070578,
        "sdir_re_var": 0.03490347731629365
    },
    "neanderthal": {
        "sdir_or": 0.0,
        "sdir_or_var": 0.0,
        "sdir_oe": 0.04843739171978086,
        "sdir_oe_var": 0.03475987006345584,
        "sdir_re": 0.07509165796451271,
        "sdir_re_var": 0.03703214610024834
    }
}