{
    "fid_table_dstrength_05/fid05_table_pc_h8sad_LC_CelebA_HQ_t999_ninv40_ngen40/test_imag_s_sad": {
        "sdir_or": 0.0,
        "sdir_or_var": 0.0,
        "sdir_oe": 0.04781344306655228,
        "sdir_oe_var": 0.03477032111275841,
        "sdir_re": -0.0034926478751003743,
        "sdir_re_var": 0.03907978086801952,
        "fid_edited_reconstructed": 61.483219146728516,
        "fid_edited_original": 77.81969451904297,
        "fid_reconstructed_original": 80.81753540039062,
        "epochs": "s",
        "ablation_name": "fid_table_dstrength_05/fid05_table_pc_h8sad_LC_CelebA_HQ_t999_ninv40_ngen40/test_imag",
        "attr": "pixar"
    },
    "fid_table_dstrength_05/fid05_table_pc_h8neanderthal_LC_CelebA_HQ_t999_ninv40_ngen40/test_imag_s_neanderthal": {
        "sdir_or": 0.0,
        "sdir_or_var": 0.0,
        "sdir_oe": 0.009834017897956073,
        "sdir_oe_var": 0.030221388308353858,
        "sdir_re": -0.03811790748033673,
        "sdir_re_var": 0.03316394363283098,
        "fid_edited_reconstructed": 77.42094421386719,
        "fid_edited_original": 76.09573364257812,
        "fid_reconstructed_original": 80.81753540039062,
        "epochs": "s",
        "ablation_name": "fid_table_dstrength_05/fid05_table_pc_h8neanderthal_LC_CelebA_HQ_t999_ninv40_ngen40/test_imag",
        "attr": "pixar"
    },
    "fid_table_dstrength_05/fid05_table_pc_h8smiling_LC_CelebA_HQ_t999_ninv40_ngen40/test_imag_s_smiling": {
        "sdir_or": 0.0,
        "sdir_or_var": 0.0,
        "sdir_oe": 0.047013595239259305,
        "sdir_oe_var": 0.03247504380438366,
        "sdir_re": -0.011479312796145677,
        "sdir_re_var": 0.04150267296562494,
        "fid_edited_reconstructed": 54.70355224609375,
        "fid_edited_original": 78.39700317382812,
        "fid_reconstructed_original": 80.81753540039062,
        "epochs": "s",
        "ablation_name": "fid_table_dstrength_05/fid05_table_pc_h8smiling_LC_CelebA_HQ_t999_ninv40_ngen40/test_imag",
        "attr": "pixar"
    },
    "fid_table_dstrength_05/fid05_table_pc_h8tanned_LC_CelebA_HQ_t999_ninv40_ngen40/test_imag_s_tanned": {
        "sdir_or": 0.0,
        "sdir_or_var": 0.0,
        "sdir_oe": 0.020712136761285364,
        "sdir_oe_var": 0.029307294491379286,
        "sdir_re": -0.02477924486622214,
        "sdir_re_var": 0.03205583762257865,
        "fid_edited_reconstructed": 78.47843170166016,
        "fid_edited_original": 82.2468032836914,
        "fid_reconstructed_original": 80.81753540039062,
        "epochs": "s",
        "ablation_name": "fid_table_dstrength_05/fid05_table_pc_h8tanned_LC_CelebA_HQ_t999_ninv40_ngen40/test_imag",
        "attr": "pixar"
    },
    "fid_table_dstrength_05/fid05_table_pc_h8pixar_LC_CelebA_HQ_t999_ninv40_ngen40/test_imag_s_pixar": {
        "sdir_or": 0.0,
        "sdir_or_var": 0.0,
        "sdir_oe": 0.054009889517910775,
        "sdir_oe_var": 0.03205557569439202,
        "sdir_re": 0.003086891109123826,
        "sdir_re_var": 0.04086010740580406,
        "fid_edited_reconstructed": 56.44717025756836,
        "fid_edited_original": 76.69941711425781,
        "fid_reconstructed_original": 80.81753540039062,
        "epochs": "s",
        "ablation_name": "fid_table_dstrength_05/fid05_table_pc_h8pixar_LC_CelebA_HQ_t999_ninv40_ngen40/test_imag",
        "attr": "pixar"
    }
}